{"v":"5.4.4","fr":29.9700012207031,"ip":0,"op":68.0000027696968,"w":200,"h":200,"nm":"new","ddd":0,"assets":[{"id":"comp_0","layers":[{"ddd":0,"ind":1,"ty":4,"nm":"Sparks7","sr":1,"ks":{"o":{"a":0,"k":100,"ix":11},"r":{"a":0,"k":0,"ix":10},"p":{"a":0,"k":[396.06,298,0],"ix":2},"a":{"a":0,"k":[0,0,0],"ix":1},"s":{"a":0,"k":[35,35,100],"ix":6}},"ao":0,"shapes":[{"ty":"gr","it":[{"ty":"rc","d":1,"s":{"a":1,"k":[{"i":{"x":[0.667,0.667],"y":[1,1]},"o":{"x":[0.333,0.333],"y":[0,0]},"t":3.996,"s":[0,0],"e":[10,40]},{"i":{"x":[0.29,0.29],"y":[1,1]},"o":{"x":[0.333,0.333],"y":[0,0]},"t":9.99,"s":[10,40],"e":[0,0]},{"t":23.9760009765625}],"ix":2},"p":{"a":1,"k":[{"i":{"x":0.29,"y":1},"o":{"x":0.333,"y":0},"t":3.996,"s":[0,200],"e":[0,400],"to":[0,33.333],"ti":[0,-33.333]},{"t":23.9760009765625}],"ix":3},"r":{"a":0,"k":30,"ix":4},"nm":"Rectangle Path 1","mn":"ADBE Vector Shape - Rect","hd":false},{"ty":"fl","c":{"a":0,"k":[1,1,1,1],"ix":4},"o":{"a":0,"k":100,"ix":5},"r":1,"bm":0,"nm":"Fill 1","mn":"ADBE Vector Graphic - Fill","hd":false},{"ty":"rp","c":{"a":0,"k":12,"ix":1},"o":{"a":0,"k":0,"ix":2},"m":1,"ix":3,"tr":{"ty":"tr","p":{"a":0,"k":[0,0],"ix":2},"a":{"a":0,"k":[0,100],"ix":1},"s":{"a":0,"k":[100,100],"ix":3},"r":{"a":0,"k":30,"ix":4},"so":{"a":0,"k":100,"ix":5},"eo":{"a":0,"k":100,"ix":6},"nm":"Transform"},"nm":"Repeater 1","mn":"ADBE Vector Filter - Repeater","hd":false},{"ty":"tr","p":{"a":0,"k":[0,0],"ix":2},"a":{"a":0,"k":[0,100],"ix":1},"s":{"a":0,"k":[100,100],"ix":3},"r":{"a":0,"k":15,"ix":6},"o":{"a":0,"k":100,"ix":7},"sk":{"a":0,"k":0,"ix":4},"sa":{"a":0,"k":0,"ix":5},"nm":"Transform"}],"nm":"Rectangle 4","np":3,"cix":2,"bm":0,"ix":1,"mn":"ADBE Vector Group","hd":false},{"ty":"gr","it":[{"ty":"rc","d":1,"s":{"a":1,"k":[{"i":{"x":[0.667,0.667],"y":[1,1]},"o":{"x":[0.333,0.333],"y":[0,0]},"t":1.998,"s":[0,0],"e":[10,10]},{"i":{"x":[0.29,0.29],"y":[1,1]},"o":{"x":[0.333,0.333],"y":[0,0]},"t":7.992,"s":[10,10],"e":[0,0]},{"t":28.971001180013}],"ix":2},"p":{"a":1,"k":[{"i":{"x":0.29,"y":1},"o":{"x":0.333,"y":0},"t":7.992,"s":[0,200],"e":[0,500],"to":[0,50],"ti":[0,-50]},{"t":28.971001180013}],"ix":3},"r":{"a":0,"k":30,"ix":4},"nm":"Rectangle Path 1","mn":"ADBE Vector Shape - Rect","hd":false},{"ty":"fl","c":{"a":0,"k":[1,1,1,1],"ix":4},"o":{"a":0,"k":100,"ix":5},"r":1,"bm":0,"nm":"Fill 1","mn":"ADBE Vector Graphic - Fill","hd":false},{"ty":"rp","c":{"a":0,"k":8,"ix":1},"o":{"a":0,"k":0,"ix":2},"m":1,"ix":3,"tr":{"ty":"tr","p":{"a":0,"k":[0,0],"ix":2},"a":{"a":0,"k":[0,100],"ix":1},"s":{"a":0,"k":[100,100],"ix":3},"r":{"a":0,"k":45,"ix":4},"so":{"a":0,"k":100,"ix":5},"eo":{"a":0,"k":100,"ix":6},"nm":"Transform"},"nm":"Repeater 1","mn":"ADBE Vector Filter - Repeater","hd":false},{"ty":"tr","p":{"a":0,"k":[0,0],"ix":2},"a":{"a":0,"k":[0,100],"ix":1},"s":{"a":0,"k":[100,100],"ix":3},"r":{"a":1,"k":[{"i":{"x":[0.833],"y":[0.833]},"o":{"x":[0.167],"y":[0.167]},"t":1.998,"s":[0],"e":[-45]},{"t":21.9780008951823}],"ix":6},"o":{"a":0,"k":100,"ix":7},"sk":{"a":0,"k":0,"ix":4},"sa":{"a":0,"k":0,"ix":5},"nm":"Transform"}],"nm":"Rectangle 3","np":3,"cix":2,"bm":0,"ix":2,"mn":"ADBE Vector Group","hd":false},{"ty":"gr","it":[{"ty":"rc","d":1,"s":{"a":1,"k":[{"i":{"x":[0.667,0.667],"y":[1,1]},"o":{"x":[0.333,0.333],"y":[0,0]},"t":0,"s":[0,0],"e":[10,20]},{"i":{"x":[0.29,0.29],"y":[1,1]},"o":{"x":[0.333,0.333],"y":[0,0]},"t":6.993,"s":[10,20],"e":[0,0]},{"t":20.1224363664786}],"ix":2},"p":{"a":1,"k":[{"i":{"x":0.29,"y":1},"o":{"x":0.333,"y":0},"t":0,"s":[0,100],"e":[0,250],"to":[0,25],"ti":[0,-25]},{"t":20.1224363664786}],"ix":3},"r":{"a":0,"k":30,"ix":4},"nm":"Rectangle Path 1","mn":"ADBE Vector Shape - Rect","hd":false},{"ty":"fl","c":{"a":0,"k":[1,1,1,1],"ix":4},"o":{"a":0,"k":100,"ix":5},"r":1,"bm":0,"nm":"Fill 1","mn":"ADBE Vector Graphic - Fill","hd":false},{"ty":"rp","c":{"a":0,"k":20,"ix":1},"o":{"a":0,"k":19,"ix":2},"m":1,"ix":3,"tr":{"ty":"tr","p":{"a":0,"k":[0,0],"ix":2},"a":{"a":0,"k":[0,100],"ix":1},"s":{"a":0,"k":[100,100],"ix":3},"r":{"a":0,"k":18,"ix":4},"so":{"a":0,"k":100,"ix":5},"eo":{"a":0,"k":100,"ix":6},"nm":"Transform"},"nm":"Repeater 1","mn":"ADBE Vector Filter - Repeater","hd":false},{"ty":"tr","p":{"a":0,"k":[0,0],"ix":2},"a":{"a":0,"k":[0,100],"ix":1},"s":{"a":0,"k":[100,100],"ix":3},"r":{"a":1,"k":[{"i":{"x":[0.833],"y":[0.833]},"o":{"x":[0.167],"y":[0.167]},"t":0,"s":[0],"e":[45]},{"t":19.9800008138021}],"ix":6},"o":{"a":0,"k":100,"ix":7},"sk":{"a":0,"k":0,"ix":4},"sa":{"a":0,"k":0,"ix":5},"nm":"Transform"}],"nm":"Rectangle 2","np":3,"cix":2,"bm":0,"ix":3,"mn":"ADBE Vector Group","hd":false}],"ip":0,"op":62.9370025634766,"st":0,"bm":0}]}],"fonts":{"list":[{"fName":"iCielBrandonText-Bold","fFamily":"iCiel Brandon Text","fStyle":"Bold","ascent":70.9996948949993}]},"layers":[{"ddd":0,"ind":1,"ty":0,"nm":"Sparks","refId":"comp_0","sr":1,"ks":{"o":{"a":0,"k":100,"ix":11},"r":{"a":0,"k":0,"ix":10},"p":{"a":0,"k":[100,100,0],"ix":2},"a":{"a":0,"k":[400,300,0],"ix":1},"s":{"a":0,"k":[100,100,100],"ix":6}},"ao":0,"ef":[{"ty":21,"nm":"Fill","np":9,"mn":"ADBE Fill","ix":1,"en":1,"ef":[{"ty":10,"nm":"Fill Mask","mn":"ADBE Fill-0001","ix":1,"v":{"a":0,"k":0,"ix":1}},{"ty":7,"nm":"All Masks","mn":"ADBE Fill-0007","ix":2,"v":{"a":0,"k":0,"ix":2}},{"ty":2,"nm":"Color","mn":"ADBE Fill-0002","ix":3,"v":{"a":0,"k":[1,0.678431391716,0.160784319043,1],"ix":3}},{"ty":7,"nm":"Invert","mn":"ADBE Fill-0006","ix":4,"v":{"a":0,"k":0,"ix":4}},{"ty":0,"nm":"Horizontal Feather","mn":"ADBE Fill-0003","ix":5,"v":{"a":0,"k":0,"ix":5}},{"ty":0,"nm":"Vertical Feather","mn":"ADBE Fill-0004","ix":6,"v":{"a":0,"k":0,"ix":6}},{"ty":0,"nm":"Opacity","mn":"ADBE Fill-0005","ix":7,"v":{"a":0,"k":1,"ix":7}}]}],"w":800,"h":600,"ip":0,"op":59.9400024414062,"st":0,"bm":0},{"ddd":0,"ind":2,"ty":5,"nm":"w","sr":1,"ks":{"o":{"a":0,"k":100,"ix":11},"r":{"a":0,"k":0,"ix":10},"p":{"a":0,"k":[119.11,107.321,0],"ix":2},"a":{"a":0,"k":[7.25,-6.089,0],"ix":1},"s":{"a":1,"k":[{"i":{"x":[0,0,0.667],"y":[0.997,0.997,1]},"o":{"x":[1,1,0.333],"y":[-0.009,-0.009,0]},"t":9,"s":[17.434,17.434,100],"e":[230.434,230.434,100]},{"i":{"x":[0.903,0.903,0.667],"y":[0.129,0.129,1]},"o":{"x":[0.333,0.333,0.333],"y":[0,0,0]},"t":14,"s":[230.434,230.434,100],"e":[112.434,112.434,100]},{"i":{"x":[0.833,0.833,0.833],"y":[1,1,1]},"o":{"x":[0.167,0.167,0.167],"y":[0,0,0]},"t":19,"s":[112.434,112.434,100],"e":[112.434,112.434,100]},{"i":{"x":[0.833,0.833,0.833],"y":[1,1,1]},"o":{"x":[0.167,0.167,0.167],"y":[0,0,0]},"t":59,"s":[112.434,112.434,100],"e":[48.434,48.434,100]},{"t":67.0000027289659}],"ix":6}},"ao":0,"t":{"d":{"k":[{"s":{"s":36,"f":"iCielBrandonText-Bold","t":"W","j":0,"tr":0,"lh":43.2,"ls":0,"fc":[1,1,1]},"t":0}]},"p":{},"m":{"g":1,"a":{"a":0,"k":[0,0],"ix":2}},"a":[]},"ip":4.00000016292334,"op":900.000036657751,"st":0,"bm":0},{"ddd":0,"ind":3,"ty":5,"nm":"e","sr":1,"ks":{"o":{"a":0,"k":100,"ix":11},"r":{"a":0,"k":0,"ix":10},"p":{"a":0,"k":[96.905,100,0],"ix":2},"a":{"a":0,"k":[11.07,-12.6,0],"ix":1},"s":{"a":1,"k":[{"i":{"x":[0.667,0.667,0.667],"y":[1,1,1]},"o":{"x":[0.333,0.333,0.333],"y":[0,0,0]},"t":6,"s":[33.434,33.434,100],"e":[219.434,219.434,100]},{"i":{"x":[0.667,0.667,0.667],"y":[1,1,1]},"o":{"x":[0.333,0.333,0.333],"y":[0,0,0]},"t":10,"s":[219.434,219.434,100],"e":[112.434,112.434,100]},{"i":{"x":[0.833,0.833,0.833],"y":[1,1,1]},"o":{"x":[0.167,0.167,0.167],"y":[0,0,0]},"t":15,"s":[112.434,112.434,100],"e":[112.434,112.434,100]},{"i":{"x":[0.833,0.833,0.833],"y":[1,1,1]},"o":{"x":[0.167,0.167,0.167],"y":[0,0,0]},"t":59,"s":[112.434,112.434,100],"e":[48.434,48.434,100]},{"t":67.0000027289659}],"ix":6}},"ao":0,"t":{"d":{"k":[{"s":{"s":36,"f":"iCielBrandonText-Bold","t":"E","j":0,"tr":0,"lh":43.2,"ls":0,"fc":[1,1,1]},"t":0}]},"p":{},"m":{"g":1,"a":{"a":0,"k":[0,0],"ix":2}},"a":[]},"ip":4.00000016292334,"op":900.000036657751,"st":2.00000008146167,"bm":0},{"ddd":0,"ind":4,"ty":5,"nm":"n","sr":1,"ks":{"o":{"a":0,"k":100,"ix":11},"r":{"a":0,"k":0,"ix":10},"p":{"a":0,"k":[73.195,108.946,0],"ix":2},"a":{"a":0,"k":[19.778,-4.643,0],"ix":1},"s":{"a":1,"k":[{"i":{"x":[0.667,0.667,0.667],"y":[1,1,1]},"o":{"x":[0.333,0.333,0.333],"y":[0,0,0]},"t":4,"s":[20.434,20.434,100],"e":[218.434,218.434,100]},{"i":{"x":[0.667,0.667,0.667],"y":[1,1,1]},"o":{"x":[0.333,0.333,0.333],"y":[0,0,0]},"t":8,"s":[218.434,218.434,100],"e":[112.434,112.434,100]},{"i":{"x":[0.833,0.833,0.833],"y":[1,1,1]},"o":{"x":[0.167,0.167,0.167],"y":[0,0,0]},"t":13,"s":[112.434,112.434,100],"e":[112.434,112.434,100]},{"i":{"x":[0.833,0.833,0.833],"y":[1,1,1]},"o":{"x":[0.167,0.167,0.167],"y":[0,0,0]},"t":59,"s":[112.434,112.434,100],"e":[48.434,48.434,100]},{"t":67.0000027289659}],"ix":6}},"ao":0,"t":{"d":{"k":[{"s":{"s":36,"f":"iCielBrandonText-Bold","t":"N","j":0,"tr":0,"lh":43.2,"ls":0,"fc":[1,1,1]},"t":0}]},"p":{},"m":{"g":1,"a":{"a":0,"k":[0,0],"ix":2}},"a":[]},"ip":4.00000016292334,"op":900.000036657751,"st":0,"bm":0},{"ddd":0,"ind":5,"ty":4,"nm":"Shape Layer 1","sr":1,"ks":{"o":{"a":1,"k":[{"i":{"x":[0.667],"y":[1]},"o":{"x":[0.333],"y":[0]},"t":0,"s":[0],"e":[100]},{"i":{"x":[0.667],"y":[1]},"o":{"x":[0.333],"y":[0]},"t":6,"s":[100],"e":[100]},{"i":{"x":[0.667],"y":[1]},"o":{"x":[0.333],"y":[0]},"t":64,"s":[100],"e":[0]},{"t":67.0000027289659}],"ix":11},"r":{"a":0,"k":0,"ix":10},"p":{"a":0,"k":[99.478,99,0],"ix":2},"a":{"a":0,"k":[0,0,0],"ix":1},"s":{"a":1,"k":[{"i":{"x":[0.667,0.667,0.667],"y":[1,1,1]},"o":{"x":[0.333,0.333,0.333],"y":[0,0,0]},"t":0,"s":[5,5,100],"e":[144,144,100]},{"i":{"x":[0.667,0.667,0.667],"y":[1,1,1]},"o":{"x":[0.333,0.333,0.333],"y":[0,0,0]},"t":13,"s":[144,144,100],"e":[100,100,100]},{"i":{"x":[0.667,0.667,0.667],"y":[1,1,1]},"o":{"x":[0.333,0.333,0.333],"y":[0,0,0]},"t":22,"s":[100,100,100],"e":[100,100,100]},{"i":{"x":[0.667,0.667,0.667],"y":[1,1,1]},"o":{"x":[0.333,0.333,0.333],"y":[0,0,0]},"t":59,"s":[100,100,100],"e":[15,15,100]},{"t":67.0000027289659}],"ix":6}},"ao":0,"shapes":[{"ty":"gr","it":[{"ind":0,"ty":"sh","ix":1,"ks":{"a":0,"k":{"i":[[0,0],[0,0],[0,0],[0,0]],"o":[[0,0],[0,0],[0,0],[0,0]],"v":[[68.955,-28.196],[-68.955,-28.196],[-68.955,28.196],[68.955,28.196]],"c":true},"ix":2},"nm":"Path 1","mn":"ADBE Vector Shape - Group","hd":false},{"ty":"fl","c":{"a":0,"k":[1,0.4196078431372549,0.4196078431372549,1],"ix":4},"o":{"a":0,"k":100,"ix":5},"r":1,"bm":0,"nm":"Fill 1","mn":"ADBE Vector Graphic - Fill","hd":false},{"ty":"tr","p":{"a":0,"k":[39.662,-2.202],"ix":2},"a":{"a":0,"k":[41.352,-2.171],"ix":1},"s":{"a":0,"k":[94.65,90.895],"ix":3},"r":{"a":0,"k":0,"ix":6},"o":{"a":0,"k":100,"ix":7},"sk":{"a":0,"k":0,"ix":4},"sa":{"a":0,"k":0,"ix":5},"nm":"Transform"}],"nm":"Rectangle 1","np":3,"cix":2,"bm":0,"ix":1,"mn":"ADBE Vector Group","hd":false},{"ty":"rd","nm":"Round Corners 1","r":{"a":0,"k":8,"ix":1},"ix":2,"mn":"ADBE Vector Filter - RC","hd":false}],"ip":0,"op":900.000036657751,"st":0,"bm":0}],"markers":[],"chars":[{"ch":"N","size":36,"style":"Bold","w":76.1,"data":{"shapes":[{"ty":"gr","it":[{"ind":0,"ty":"sh","ix":1,"ks":{"a":0,"k":{"i":[[0,0],[-0.367,-0.366],[-0.534,0],[0,0],[-0.367,0.367],[0,0.534],[0,0],[0,0],[0,0],[-0.667,0],[0,0],[-0.367,0.333],[0,0.534],[0,0],[0.366,0.367],[0.533,0],[0,0],[0.366,-0.366],[0,-0.533],[0,0],[0,0],[0,0],[0.666,0],[0,0],[0.366,-0.333],[0,-0.533]],"o":[[0,0.534],[0.366,0.367],[0,0],[0.533,0],[0.366,-0.366],[0,0],[0,0],[0,0],[0.466,0.466],[0,0],[0.533,0],[0.366,-0.334],[0,0],[0,-0.533],[-0.367,-0.366],[0,0],[-0.534,0],[-0.367,0.367],[0,0],[0,0],[0,0],[-0.467,-0.466],[0,0],[-0.534,0],[-0.367,0.334],[0,0]],"v":[[8.5,-1.9],[9.05,-0.55],[10.4,0],[19.5,0],[20.85,-0.55],[21.4,-1.9],[21.4,-44.9],[21.6,-44.9],[62.6,0.3],[64.3,1],[65.7,1],[67.05,0.5],[67.6,-0.8],[67.6,-68.1],[67.05,-69.45],[65.7,-70],[56.5,-70],[55.15,-69.45],[54.6,-68.1],[54.6,-26.8],[54.4,-26.8],[13.6,-70.3],[11.9,-71],[10.4,-71],[9.05,-70.5],[8.5,-69.2]],"c":true},"ix":2},"nm":"N","mn":"ADBE Vector Shape - Group","hd":false}],"nm":"N","np":3,"cix":2,"bm":0,"ix":1,"mn":"ADBE Vector Group","hd":false}]},"fFamily":"iCiel Brandon Text"},{"ch":"E","size":36,"style":"Bold","w":57.6,"data":{"shapes":[{"ty":"gr","it":[{"ind":0,"ty":"sh","ix":1,"ks":{"a":0,"k":{"i":[[0,0],[-0.367,-0.366],[-0.534,0],[0,0],[-0.367,0.367],[0,0.534],[0,0],[0.366,0.367],[0.533,0],[0,0],[0,0],[0,0],[-0.367,0.367],[0,0.534],[0,0],[0.366,0.367],[0.533,0],[0,0],[0,0],[0,0],[-0.367,0.367],[0,0.534],[0,0],[0.366,0.367],[0.533,0],[0,0],[0.366,-0.366],[0,-0.533]],"o":[[0,0.534],[0.366,0.367],[0,0],[0.533,0],[0.366,-0.366],[0,0],[0,-0.533],[-0.367,-0.366],[0,0],[0,0],[0,0],[0.533,0],[0.366,-0.366],[0,0],[0,-0.533],[-0.367,-0.366],[0,0],[0,0],[0,0],[0.533,0],[0.366,-0.366],[0,0],[0,-0.533],[-0.367,-0.366],[0,0],[-0.534,0],[-0.367,0.367],[0,0]],"v":[[8.5,-1.9],[9.05,-0.55],[10.4,0],[51.1,0],[52.45,-0.55],[53,-1.9],[53,-10.1],[52.45,-11.45],[51.1,-12],[21.5,-12],[21.5,-29.5],[46.2,-29.5],[47.55,-30.05],[48.1,-31.4],[48.1,-39.7],[47.55,-41.05],[46.2,-41.6],[21.5,-41.6],[21.5,-58],[51.1,-58],[52.45,-58.55],[53,-59.9],[53,-68.1],[52.45,-69.45],[51.1,-70],[10.4,-70],[9.05,-69.45],[8.5,-68.1]],"c":true},"ix":2},"nm":"E","mn":"ADBE Vector Shape - Group","hd":false}],"nm":"E","np":3,"cix":2,"bm":0,"ix":1,"mn":"ADBE Vector Group","hd":false}]},"fFamily":"iCiel Brandon Text"},{"ch":"W","size":36,"style":"Bold","w":88.5,"data":{"shapes":[{"ty":"gr","it":[{"ind":0,"ty":"sh","ix":1,"ks":{"a":0,"k":{"i":[[0,0],[-0.334,-0.267],[-0.4,0],[0,0],[-0.234,0.2],[-0.134,0.333],[0,0],[0,0],[0,0],[-0.867,0],[0,0],[-0.267,0.933],[0,0],[0.333,0.434],[0.733,0],[0,0],[0.333,-0.3],[0.133,-0.333],[0,0],[0,0],[0,0],[0.866,0],[0,0],[0.266,-0.733],[0,0],[0,0],[0,0],[0.333,0.3],[0.4,0],[0,0],[0.333,-0.433],[-0.2,-0.733]],"o":[[0.133,0.4],[0.333,0.266],[0,0],[0.533,0],[0.233,-0.2],[0,0],[0,0],[0,0],[0.266,0.733],[0,0],[0.933,0],[0,0],[0.2,-0.733],[-0.334,-0.433],[0,0],[-0.4,0],[-0.334,0.3],[0,0],[0,0],[0,0],[-0.267,-0.733],[0,0],[-0.867,0],[0,0],[0,0],[0,0],[-0.134,-0.333],[-0.334,-0.3],[0,0],[-0.734,0],[-0.334,0.434],[0,0]],"v":[[21.1,-0.4],[21.8,0.6],[22.9,1],[24.5,1],[25.65,0.7],[26.2,-0.1],[43.9,-45.4],[44.4,-45.4],[62.3,-0.1],[64,1],[65.6,1],[67.4,-0.4],[86.3,-67.6],[86.1,-69.35],[84.5,-70],[75.3,-70],[74.2,-69.55],[73.5,-68.6],[63.3,-28.7],[62.9,-28.7],[46.9,-69.9],[45.2,-71],[43.4,-71],[41.7,-69.9],[25.8,-28.7],[25.4,-28.7],[15,-68.6],[14.3,-69.55],[13.2,-70],[4,-70],[2.4,-69.35],[2.2,-67.6]],"c":true},"ix":2},"nm":"W","mn":"ADBE Vector Shape - Group","hd":false}],"nm":"W","np":3,"cix":2,"bm":0,"ix":1,"mn":"ADBE Vector Group","hd":false}]},"fFamily":"iCiel Brandon Text"}]}